/*机构表 超级管理员所在机构*/ 
INSERT INTO S_ORGAN(ID,PID,NAME,CODE,JB,STATUS) VALUES('1', NULL, '交通运输部', '000', '0','有效');
/*部门表 超级管理员所在部门*/
INSERT INTO S_DEPART(ID,PID,OID,NAME,CODE,STATUS) VALUES('1', NULL, '1', '交通运输部', '000000', '有效');
/*用户表 超级管理员 主键必须为1，初始密码12345678*/
INSERT INTO S_USER(ID, REALNAME,USERNAME, PASSWORD,IDENTITIED, OID, DID, STATUS) VALUES('1','admin', 'admin', '$2a$08$Uz16DPIPfY//8kDoowtXc.o5G5eim/taHgjCI4fkSOj5Ru2qgYjG.','admin', '1', '1', '激活');
/*角色表 超级管理员角色必须为1*/
INSERT INTO S_ROLE(ID, NAME, OID, STATUS) VALUES('1', '超级管理员', '1', '有效');
/*用户角色表*/
INSERT INTO S_USER_ROLE(ROLEID, USERID) VALUES('1', '1');

INSERT INTO S_DRAWER(ID, CODE, NAME, STATUS, VALUE, PID) VALUES ('1', '000', '字典管理', '有效', '', NULL);
INSERT INTO S_DRAWER(ID, CODE, NAME, STATUS, VALUE, PID) VALUES ('000000', '000000', '接口服务类型', '有效', '', '1');
INSERT INTO S_DRAWER(ID, CODE, NAME, STATUS, VALUE, PID) VALUES ('000000000', '000000000', '报送服务接口', '有效', '上报部级系统', '000000');
INSERT INTO S_DRAWER(ID, CODE, NAME, STATUS, VALUE, PID) VALUES ('000001', '000001', '账户锁定时间', '有效', '31', '1');
INSERT INTO S_DRAWER(ID, CODE, NAME, STATUS, VALUE, PID) VALUES ('000002', '000002', '密码错误次数', '有效', '5', '1');
INSERT INTO S_DRAWER(ID, CODE, NAME, STATUS, VALUE, PID) VALUES ('000003', '000003', '密码修改设置', '有效', '', '1');
INSERT INTO S_DRAWER(ID, CODE, NAME, STATUS, VALUE, PID) VALUES ('000003000', '000003000', '是否修改初始密码', '有效', '是', '000003');
INSERT INTO S_DRAWER(ID, CODE, NAME, STATUS, VALUE, PID) VALUES ('000003001', '000003001', '是否定期修改密码', '有效', '是', '000003');
INSERT INTO S_DRAWER(ID, CODE, NAME, STATUS, VALUE, PID) VALUES ('000003002', '000003002', '定期修改密码天数', '有效', '90', '000003');
INSERT INTO S_DRAWER(ID, CODE, NAME, STATUS, VALUE, PID) VALUES ('000004', '000004', '是否启用权限缓存', '有效', '否', '1');
INSERT INTO S_DRAWER(ID, CODE, NAME, STATUS, VALUE, PID) VALUES ('000005', '000005', '资源类型', '有效', '资源类型', '1');
INSERT INTO S_DRAWER(ID, CODE, NAME, STATUS, VALUE, PID) VALUES ('000005000', '000005000', '菜单', '有效', '菜单', '000005');
INSERT INTO S_DRAWER(ID, CODE, NAME, STATUS, VALUE, PID) VALUES ('000005001', '000005001', '其他', '有效', '其他', '000005');
INSERT INTO S_DRAWER(ID, CODE, NAME, STATUS, VALUE, PID) VALUES ('000006', '000006', '行为类型', '有效', '行为类型', '1');
INSERT INTO S_DRAWER(ID, CODE, NAME, STATUS, VALUE, PID) VALUES ('000006000', '000006000', '前端组件', '有效', '前端组件', '000006');
INSERT INTO S_DRAWER(ID, CODE, NAME, STATUS, VALUE, PID) VALUES ('000006001', '000006001', '公共权限', '有效', '公共权限', '000006');
INSERT INTO S_DRAWER(ID, CODE, NAME, STATUS, VALUE, PID) VALUES ('000007', '000007', '系统类型', '有效', '系统类型', '1');
INSERT INTO S_DRAWER(ID, CODE, NAME, STATUS, VALUE, PID) VALUES ('000007000', '000007000', 'admin(PC后台)', '有效', 'admin(后台维护系统)', '000007');
INSERT INTO S_DRAWER(ID, CODE, NAME, STATUS, VALUE, PID) VALUES ('000007001', '000007001', 'mobile(手机)', '有效', 'mobile(手机)', '000007');
INSERT INTO S_DRAWER(ID, CODE, NAME, STATUS, VALUE, PID) VALUES ('000007002', '000007002', 'wechat(微信)', '有效', 'wechat(微信)', '000007');
INSERT INTO S_DRAWER(ID, CODE, NAME, STATUS, VALUE, PID) VALUES ('000007003', '000007003', 'site(PC前台)', '有效', 'site(PC前台)', '000007');
INSERT INTO S_DRAWER(ID, CODE, NAME, STATUS, VALUE, PID) VALUES ('000007004', '000007004', 'ipad(IPAD)', '有效', 'ipad(IPAD)', '000007');
INSERT INTO S_DRAWER(ID, CODE, NAME, STATUS, VALUE, PID) VALUES ('000008', '000008', '功能类型', '有效', '功能类型', '1');
INSERT INTO S_DRAWER(ID, CODE, NAME, STATUS, VALUE, PID) VALUES ('000008000', '000008000', '列表', '有效', '列表', '000008');
INSERT INTO S_DRAWER(ID, CODE, NAME, STATUS, VALUE, PID) VALUES ('000008001', '000008001', '添加', '有效', '添加', '000008');
INSERT INTO S_DRAWER(ID, CODE, NAME, STATUS, VALUE, PID) VALUES ('000008002', '000008002', '修改', '有效', '修改', '000008');
INSERT INTO S_DRAWER(ID, CODE, NAME, STATUS, VALUE, PID) VALUES ('000008003', '000008003', '详情', '有效', '详情', '000008');
INSERT INTO S_DRAWER(ID, CODE, NAME, STATUS, VALUE, PID) VALUES ('3f951223-11b0-40bf-b91a-7c83dfa706f0', '000008004', '公共', '有效', '公共', '000008');

INSERT INTO S_MENU(ID, CODE, NAME, STATUS, ICON, LEVELE, PATH, SORTS, PID, DISPLAYAREA, SYSTEMTYPE) VALUES ('1', '1', '系统资源', '有效', NULL, 1, NULL, NULL, NULL, '000005', '000007');
INSERT INTO S_MENU(ID, CODE, NAME, STATUS, ICON, LEVELE, PATH, SORTS, PID, DISPLAYAREA, SYSTEMTYPE) VALUES ('000', '000', '后台公共权限', '有效', '', 2, '', 9, '1', '000005000', '000007000');
INSERT INTO S_MENU(ID, CODE, NAME, STATUS, ICON, LEVELE, PATH, SORTS, PID, DISPLAYAREA, SYSTEMTYPE) VALUES ('100', '100', '系统管理', '有效', '', 2, '', 1, '1', '000005000', '000007000');
INSERT INTO S_MENU(ID, CODE, NAME, STATUS, ICON, LEVELE, PATH, SORTS, PID, DISPLAYAREA, SYSTEMTYPE) VALUES ('100100', '100100', '机构用户管理', '有效', '', 3, '', 1, '100', '000005000', '000007000');
INSERT INTO S_MENU(ID, CODE, NAME, STATUS, ICON, LEVELE, PATH, SORTS, PID, DISPLAYAREA, SYSTEMTYPE) VALUES ('100100100', '100100100', '机构管理', '有效', '', 4, '/web/system/organ/organ.jsp', 1, '100100', '000005000', '000007000');
INSERT INTO S_MENU(ID, CODE, NAME, STATUS, ICON, LEVELE, PATH, SORTS, PID, DISPLAYAREA, SYSTEMTYPE) VALUES ('100100101', '100100101', '部门管理', '有效', '', 4, '/web/system/depart/depart.jsp', 2, '100100', '000005000', '000007000');
INSERT INTO S_MENU(ID, CODE, NAME, STATUS, ICON, LEVELE, PATH, SORTS, PID, DISPLAYAREA, SYSTEMTYPE) VALUES ('100100102', '100100102', '角色管理', '有效', '', 4, '/web/system/role/role.jsp', 3, '100100', '000005000', '000007000');
INSERT INTO S_MENU(ID, CODE, NAME, STATUS, ICON, LEVELE, PATH, SORTS, PID, DISPLAYAREA, SYSTEMTYPE) VALUES ('100100103', '100100103', '用户管理', '有效', '', 4, '/web/system/user/user.jsp', 4, '100100', '000005000', '000007000');
INSERT INTO S_MENU(ID, CODE, NAME, STATUS, ICON, LEVELE, PATH, SORTS, PID, DISPLAYAREA, SYSTEMTYPE) VALUES ('100100104', '100100104', '资源管理', '有效', '', 4, '/web/system/menu/menu.jsp', 5, '100100', '000005000', '000007000');
INSERT INTO S_MENU(ID, CODE, NAME, STATUS, ICON, LEVELE, PATH, SORTS, PID, DISPLAYAREA, SYSTEMTYPE) VALUES ('100101', '100101', '系统信息维护', '有效', '', 3, '', 2, '100', '000005000', '000007000');
INSERT INTO S_MENU(ID, CODE, NAME, STATUS, ICON, LEVELE, PATH, SORTS, PID, DISPLAYAREA, SYSTEMTYPE) VALUES ('100101100', '100101100', '抽屉管理', '有效', '', 4, '/web/system/drawer/drawer.jsp', 1, '100101', '000005000', '000007000');
INSERT INTO S_MENU(ID, CODE, NAME, STATUS, ICON, LEVELE, PATH, SORTS, PID, DISPLAYAREA, SYSTEMTYPE) VALUES ('100101101', '100101101', '定时任务管理', '有效', '', 4, '/web/system/schedule/schedule.jsp', 2, '100101', '000005000', '000007000');
INSERT INTO S_MENU(ID, CODE, NAME, STATUS, ICON, LEVELE, PATH, SORTS, PID, DISPLAYAREA, SYSTEMTYPE) VALUES ('100101102', '100101102', '接口管理', '有效', '', 4, '/web/system/wservice/wservice.jsp', 3, '100101', '000005000', '000007000');
INSERT INTO S_MENU(ID, CODE, NAME, STATUS, ICON, LEVELE, PATH, SORTS, PID, DISPLAYAREA, SYSTEMTYPE) VALUES ('100101103', '100101103', 'FTP管理', '有效', '', 4, '/web/ftp/ftp.jsp', 4, '100101', '000005000', '000007000');
INSERT INTO S_MENU(ID, CODE, NAME, STATUS, ICON, LEVELE, PATH, SORTS, PID, DISPLAYAREA, SYSTEMTYPE) VALUES ('100102', '100102', '日志管理', '有效', '', 3, '', 3, '100', '000005000', '000007000');
INSERT INTO S_MENU(ID, CODE, NAME, STATUS, ICON, LEVELE, PATH, SORTS, PID, DISPLAYAREA, SYSTEMTYPE) VALUES ('100102100', '100102100', '日志管理', '有效', '', 4, '/web/system/logs/logs.jsp', 1, '100102', '000005000', '000007000');
INSERT INTO S_MENU(ID, CODE, NAME, STATUS, ICON, LEVELE, PATH, SORTS, PID, DISPLAYAREA, SYSTEMTYPE) VALUES ('101', '101', '行政管理', '有效', '', 2, '', 2, '1', '000005000', '000007000');
INSERT INTO S_MENU(ID, CODE, NAME, STATUS, ICON, LEVELE, PATH, SORTS, PID, DISPLAYAREA, SYSTEMTYPE) VALUES ('101100', '101100', '通知公告', '有效', '', 3, '', 1, '101', '000005000', '000007000');
INSERT INTO S_MENU(ID, CODE, NAME, STATUS, ICON, LEVELE, PATH, SORTS, PID, DISPLAYAREA, SYSTEMTYPE) VALUES ('101100100', '101100100', '通知公告管理', '有效', '', 4, '/web/announce/announce.jsp', 1, '101100', '000005000', '000007000');
INSERT INTO S_MENU(ID, CODE, NAME, STATUS, ICON, LEVELE, PATH, SORTS, PID, DISPLAYAREA, SYSTEMTYPE) VALUES ('101101', '101101', '站内邮件', '有效', '', 3, '', 1, '101', '000005000', '000007000');
INSERT INTO S_MENU(ID, CODE, NAME, STATUS, ICON, LEVELE, PATH, SORTS, PID, DISPLAYAREA, SYSTEMTYPE) VALUES ('101101100', '101101100', '收件箱', '有效', '', 4, '/web/message/receiveMessage.jsp', 1, '101101', '000005000', '000007000');
INSERT INTO S_MENU(ID, CODE, NAME, STATUS, ICON, LEVELE, PATH, SORTS, PID, DISPLAYAREA, SYSTEMTYPE) VALUES ('101101101', '101101101', '发件箱', '有效', '', 4, '/web/message/sendMessage.jsp', 2, '101101', '000005000', '000007000');
INSERT INTO S_MENU(ID, CODE, NAME, STATUS, ICON, LEVELE, PATH, SORTS, PID, DISPLAYAREA, SYSTEMTYPE) VALUES ('101101102', '101101102', '写信', '有效', '', 4, '/web/message/write.jsp', 3, '101101', '000005000', '000007000');
INSERT INTO S_MENU(ID, CODE, NAME, STATUS, ICON, LEVELE, PATH, SORTS, PID, DISPLAYAREA, SYSTEMTYPE) VALUES ('101101103', '101101103', '消息列表', '有效', '', 4, '/web/system/message/message.jsp', 4, '101101', '000005000', '000007000');
INSERT INTO S_MENU(ID, CODE, NAME, STATUS, ICON, LEVELE, PATH, SORTS, PID, DISPLAYAREA, SYSTEMTYPE) VALUES ('41ec5e88-df77-43de-95e8-20a08632dd48', '103', 'site公共权限', '有效', '', 2, '', 10, '1', '000005000', '000007003');
INSERT INTO S_MENU(ID, CODE, NAME, STATUS, ICON, LEVELE, PATH, SORTS, PID, DISPLAYAREA, SYSTEMTYPE) VALUES ('a1f754b0-dad6-4690-9fbe-a177f6bcc4b3', '100100105', '授权分类', '有效', '', 4, '/web/system/autharea/autharea.jsp', 6, '100100', '000005000', '000007000');
INSERT INTO S_MENU(ID, CODE, NAME, STATUS, ICON, LEVELE, PATH, SORTS, PID, DISPLAYAREA, SYSTEMTYPE) VALUES ('c5e5974a-24a2-4e23-a894-f3f7f476716a', '102', '手机端', '有效', '', 2, '', 20, '1', '000005000', '000007001');

INSERT INTO S_AUTHAREA(ID, CODE, NAME, STATUS, PID, RESOURCECODE) VALUES ('f0434baa-8ffc-4664-859b-3261a7671003', '000000', '公共权限', '有效', NULL, '000');
INSERT INTO S_AUTHAREA(ID, CODE, NAME, STATUS, PID, RESOURCECODE) VALUES ('011d135e-acdf-4cf7-9ce8-f7da76221516', '100100105000', '列表', '有效', NULL, '100100105');
INSERT INTO S_AUTHAREA(ID, CODE, NAME, STATUS, PID, RESOURCECODE) VALUES ('089bf145-7e0c-44a4-b7cf-e88dfd365b70', '101100100000', '列表', '有效', NULL, '101100100');
INSERT INTO S_AUTHAREA(ID, CODE, NAME, STATUS, PID, RESOURCECODE) VALUES ('091180f0-b7c2-4586-81ae-60e9f2282f58', '100100103000', '列表', '有效', NULL, '100100103');
INSERT INTO S_AUTHAREA(ID, CODE, NAME, STATUS, PID, RESOURCECODE) VALUES ('1f153fa3-77de-4f29-86ca-1abe87567967', '100101103001', '详情', '有效', NULL, '100101103');
INSERT INTO S_AUTHAREA(ID, CODE, NAME, STATUS, PID, RESOURCECODE) VALUES ('2188b370-af72-4d8f-8ccc-042beded0acf', '100100102000', '角色列表', '有效', NULL, '100100102');
INSERT INTO S_AUTHAREA(ID, CODE, NAME, STATUS, PID, RESOURCECODE) VALUES ('3be78c18-0e84-43cb-a66b-998cd77ed926', '100100101000', '列表', '有效', NULL, '100100101');
INSERT INTO S_AUTHAREA(ID, CODE, NAME, STATUS, PID, RESOURCECODE) VALUES ('503b2504-4934-4d77-8fdb-2ffd14097a1e', '101101101000', '列表', '有效', NULL, '101101101');
INSERT INTO S_AUTHAREA(ID, CODE, NAME, STATUS, PID, RESOURCECODE) VALUES ('57d53c1d-5272-458e-ac7b-919745741891', '100101100000', '列表', '有效', NULL, '100101100');
INSERT INTO S_AUTHAREA(ID, CODE, NAME, STATUS, PID, RESOURCECODE) VALUES ('5f480c5c-62c3-410d-aaee-9247b7a33ff5', '100100102002', '机构授权', '有效', NULL, '100100102');
INSERT INTO S_AUTHAREA(ID, CODE, NAME, STATUS, PID, RESOURCECODE) VALUES ('73d9ff01-7ff4-4b6f-a223-10139ca8bf07', '101101102000', '列表', '有效', NULL, '101101102');
INSERT INTO S_AUTHAREA(ID, CODE, NAME, STATUS, PID, RESOURCECODE) VALUES ('7fd4fb33-76ff-4099-856f-5829105c74f9', '101101100000', '列表', '有效', NULL, '101101100');
INSERT INTO S_AUTHAREA(ID, CODE, NAME, STATUS, PID, RESOURCECODE) VALUES ('88cc6658-a0af-4c5d-a5e0-da51f959930f', '100100102001', '资源授权', '有效', NULL, '100100102');
INSERT INTO S_AUTHAREA(ID, CODE, NAME, STATUS, PID, RESOURCECODE) VALUES ('999d51ea-1a5b-4aa9-bb1f-fba1a5e798b2', '100101102000', '列表', '有效', NULL, '100101102');
INSERT INTO S_AUTHAREA(ID, CODE, NAME, STATUS, PID, RESOURCECODE) VALUES ('9dfe00ce-68a3-4d60-a301-c9fcc88eb2a7', '101101103000', '列表', '有效', NULL, '101101103');
INSERT INTO S_AUTHAREA(ID, CODE, NAME, STATUS, PID, RESOURCECODE) VALUES ('9e9d44ae-e8d4-4235-a555-36a802497e13', '100101101000', '列表', '有效', NULL, '100101101');
INSERT INTO S_AUTHAREA(ID, CODE, NAME, STATUS, PID, RESOURCECODE) VALUES ('c575f2d2-6aad-4a5f-afc8-26336190a675', '100100104000', '列表', '有效', NULL, '100100104');
INSERT INTO S_AUTHAREA(ID, CODE, NAME, STATUS, PID, RESOURCECODE) VALUES ('e010db07-d4db-43e7-8bfb-48e476f3ad2a', '100100100000', '列表', '有效', NULL, '100100100');
INSERT INTO S_AUTHAREA(ID, CODE, NAME, STATUS, PID, RESOURCECODE) VALUES ('eaa99f4e-e844-4968-8df8-804e39e38190', '100101103000', '列表', '有效', NULL, '100101103');
INSERT INTO S_AUTHAREA(ID, CODE, NAME, STATUS, PID, RESOURCECODE) VALUES ('f9b2125d-580e-4629-be31-e318d7de2356', '100102100000', '列表', '有效', NULL, '100102100');
INSERT INTO S_AUTHAREA(ID, CODE, NAME, STATUS, PID, RESOURCECODE) VALUES ('93ddd317-22ab-4974-806d-1ca5164c777a', '102000', '公共', '有效', NULL, '102');

INSERT INTO S_RESOURCE(ID, ASSEMBLY, CODE, ICON, JSFUNCTION, NAME, PATTERN, REVENT, STATUS, VIEWS, ACTIONTYPE, MENUCODE, AUTHAREACODE) VALUES ('000101', NULL, '000101', NULL, NULL, '主页面', '/**/find*', NULL, '有效', '/web/index.jsp', '000006000', '000', '100100102000');
INSERT INTO S_RESOURCE(ID, ASSEMBLY, CODE, ICON, JSFUNCTION, NAME, PATTERN, REVENT, STATUS, VIEWS, ACTIONTYPE, MENUCODE, AUTHAREACODE) VALUES ('000102', NULL, '000102', NULL, NULL, '修改密码', '/user/changePassword', NULL, '有效', '/web/system/user/password.jsp', '000006000', '000', '100100102000');
INSERT INTO S_RESOURCE(ID, ASSEMBLY, CODE, ICON, JSFUNCTION, NAME, PATTERN, REVENT, STATUS, VIEWS, ACTIONTYPE, MENUCODE, AUTHAREACODE) VALUES ('000103', NULL, '000103', NULL, NULL, '文件上传', '/upload', NULL, '有效', '/web/upload/fileupload.jsp', '000006000', '000', '100100102000');
INSERT INTO S_RESOURCE(ID, ASSEMBLY, CODE, ICON, JSFUNCTION, NAME, PATTERN, REVENT, STATUS, VIEWS, ACTIONTYPE, MENUCODE, AUTHAREACODE) VALUES ('000104', NULL, '000104', NULL, NULL, '文件下载', '/download', NULL, '有效', NULL, '000006000', '000', '100100102000');
INSERT INTO S_RESOURCE(ID, ASSEMBLY, CODE, ICON, JSFUNCTION, NAME, PATTERN, REVENT, STATUS, VIEWS, ACTIONTYPE, MENUCODE, AUTHAREACODE) VALUES ('000105', NULL, '000105', NULL, NULL, '文件删除', '/delete', NULL, '有效', NULL, '000006000', '000', '100100102000');
INSERT INTO S_RESOURCE(ID, ASSEMBLY, CODE, ICON, JSFUNCTION, NAME, PATTERN, REVENT, STATUS, VIEWS, ACTIONTYPE, MENUCODE, AUTHAREACODE) VALUES ('000106', NULL, '000106', NULL, NULL, '文件查询', '/query', NULL, '有效', NULL, '000006000', '000', '100100102000');
INSERT INTO S_RESOURCE(ID, ASSEMBLY, CODE, ICON, JSFUNCTION, NAME, PATTERN, REVENT, STATUS, VIEWS, ACTIONTYPE, MENUCODE, AUTHAREACODE) VALUES ('000107', NULL, '000107', NULL, NULL, '高拍仪上传', '/uploadFile', NULL, '有效', '/web/upload/capture_.html', '000006000', '000', '100100102000');
INSERT INTO S_RESOURCE(ID, ASSEMBLY, CODE, ICON, JSFUNCTION, NAME, PATTERN, REVENT, STATUS, VIEWS, ACTIONTYPE, MENUCODE, AUTHAREACODE) VALUES ('000108', NULL, '000108', NULL, NULL, '证书登录', '', NULL, '有效', '/web/certificate.jsp', '000006000', '000', '100100102000');
INSERT INTO S_RESOURCE(ID, ASSEMBLY, CODE, ICON, JSFUNCTION, NAME, PATTERN, REVENT, STATUS, VIEWS, ACTIONTYPE, MENUCODE, AUTHAREACODE) VALUES ('000109', NULL, '000109', NULL, NULL, '退出', '/logout', NULL, '有效', NULL, '000006000', '000', '100100102000');
INSERT INTO S_RESOURCE(ID, ASSEMBLY, CODE, ICON, JSFUNCTION, NAME, PATTERN, REVENT, STATUS, VIEWS, ACTIONTYPE, MENUCODE, AUTHAREACODE) VALUES ('000110', NULL, '000110', NULL, NULL, '树', '/tree/**', NULL, '有效', '/web/tree/**', '000006000', '000', '100100102000');
INSERT INTO S_RESOURCE(ID, ASSEMBLY, CODE, ICON, JSFUNCTION, NAME, PATTERN, REVENT, STATUS, VIEWS, ACTIONTYPE, MENUCODE, AUTHAREACODE) VALUES ('100100100100', NULL, '100100100100', NULL, NULL, '查询', '/organ/query', NULL, '有效', '/web/system/organ/organ.jsp', '000006000', '100100100', '100100100000');
INSERT INTO S_RESOURCE(ID, ASSEMBLY, CODE, ICON, JSFUNCTION, NAME, PATTERN, REVENT, STATUS, VIEWS, ACTIONTYPE, MENUCODE, AUTHAREACODE) VALUES ('100100100101', 'add', '100100100101', 'icon-add', 'add', '添加', '/organ/create', NULL, '有效', '/web/system/organ/add.jsp', '000006000', '100100100', '100100100000');
INSERT INTO S_RESOURCE(ID, ASSEMBLY, CODE, ICON, JSFUNCTION, NAME, PATTERN, REVENT, STATUS, VIEWS, ACTIONTYPE, MENUCODE, AUTHAREACODE) VALUES ('100100100102', 'edit', '100100100102', 'icon-edit', 'edit', '更新', '/organ/update', NULL, '有效', '/web/system/organ/add.jsp', '000006000', '100100100', '100100100000');
INSERT INTO S_RESOURCE(ID, ASSEMBLY, CODE, ICON, JSFUNCTION, NAME, PATTERN, REVENT, STATUS, VIEWS, ACTIONTYPE, MENUCODE, AUTHAREACODE) VALUES ('100100100103', 'delete', '100100100103', 'icon-remove', 'del', '删除', '/organ/delete', NULL, '有效', '', '000006000', '100100100', '100100100000');
INSERT INTO S_RESOURCE(ID, ASSEMBLY, CODE, ICON, JSFUNCTION, NAME, PATTERN, REVENT, STATUS, VIEWS, ACTIONTYPE, MENUCODE, AUTHAREACODE) VALUES ('100100100104', NULL, '100100100104', NULL, NULL, '详情', '/organ/detail', NULL, '有效', NULL, '000006000', '100100100', '100100100000');
INSERT INTO S_RESOURCE(ID, ASSEMBLY, CODE, ICON, JSFUNCTION, NAME, PATTERN, REVENT, STATUS, VIEWS, ACTIONTYPE, MENUCODE, AUTHAREACODE) VALUES ('100100100105', 'setCode', '100100100105', 'icon-encoding', 'setCode', '编码', '/organ/code', NULL, '有效', '', '000006000', '100100100', '100100100000');
INSERT INTO S_RESOURCE(ID, ASSEMBLY, CODE, ICON, JSFUNCTION, NAME, PATTERN, REVENT, STATUS, VIEWS, ACTIONTYPE, MENUCODE, AUTHAREACODE) VALUES ('100100101100', NULL, '100100101100', NULL, NULL, '查询', '/depart/query', NULL, '有效', '/web/system/depart/depart.jsp', '000006000', '100100101', '100100101000');
INSERT INTO S_RESOURCE(ID, ASSEMBLY, CODE, ICON, JSFUNCTION, NAME, PATTERN, REVENT, STATUS, VIEWS, ACTIONTYPE, MENUCODE, AUTHAREACODE) VALUES ('100100101101', 'add', '100100101101', 'icon-add', 'add', '创建', '/depart/create', NULL, '有效', '/web/system/depart/add.jsp', '000006000', '100100101', '100100101000');
INSERT INTO S_RESOURCE(ID, ASSEMBLY, CODE, ICON, JSFUNCTION, NAME, PATTERN, REVENT, STATUS, VIEWS, ACTIONTYPE, MENUCODE, AUTHAREACODE) VALUES ('100100101102', 'edit', '100100101102', 'icon-edit', 'edit', '更新', '/depart/update', NULL, '有效', '/web/system/depart/add.jsp', '000006000', '100100101', '100100101000');
INSERT INTO S_RESOURCE(ID, ASSEMBLY, CODE, ICON, JSFUNCTION, NAME, PATTERN, REVENT, STATUS, VIEWS, ACTIONTYPE, MENUCODE, AUTHAREACODE) VALUES ('100100101103', 'delete', '100100101103', 'icon-remove', 'del', '删除', '/depart/delete', NULL, '有效', '', '000006000', '100100101', '100100101000');
INSERT INTO S_RESOURCE(ID, ASSEMBLY, CODE, ICON, JSFUNCTION, NAME, PATTERN, REVENT, STATUS, VIEWS, ACTIONTYPE, MENUCODE, AUTHAREACODE) VALUES ('100100101104', NULL, '100100101104', NULL, NULL, '详情', '/depart/detail', NULL, '有效', NULL, '000006000', '100100101', '100100101000');
INSERT INTO S_RESOURCE(ID, ASSEMBLY, CODE, ICON, JSFUNCTION, NAME, PATTERN, REVENT, STATUS, VIEWS, ACTIONTYPE, MENUCODE, AUTHAREACODE) VALUES ('100100102100', NULL, '100100102100', NULL, NULL, '查询', '/role/query', NULL, '有效', '/web/system/role/role.jsp', '000006000', '100100102', '100100102000');
INSERT INTO S_RESOURCE(ID, ASSEMBLY, CODE, ICON, JSFUNCTION, NAME, PATTERN, REVENT, STATUS, VIEWS, ACTIONTYPE, MENUCODE, AUTHAREACODE) VALUES ('100100102101', 'add', '100100102101', 'icon-add', 'add', '创建', '/role/create', NULL, '有效', '/web/system/role/add.jsp', '000006000', '100100102', '100100102000');
INSERT INTO S_RESOURCE(ID, ASSEMBLY, CODE, ICON, JSFUNCTION, NAME, PATTERN, REVENT, STATUS, VIEWS, ACTIONTYPE, MENUCODE, AUTHAREACODE) VALUES ('100100102102', 'edit', '100100102102', 'icon-edit', 'edit', '更新', '/role/update', NULL, '有效', '/web/system/role/add.jsp', '000006000', '100100102', '100100102000');
INSERT INTO S_RESOURCE(ID, ASSEMBLY, CODE, ICON, JSFUNCTION, NAME, PATTERN, REVENT, STATUS, VIEWS, ACTIONTYPE, MENUCODE, AUTHAREACODE) VALUES ('100100102103', 'delete', '100100102103', 'icon-remove', 'del', '删除', '/role/delete', NULL, '有效', '', '000006000', '100100102', '100100102000');
INSERT INTO S_RESOURCE(ID, ASSEMBLY, CODE, ICON, JSFUNCTION, NAME, PATTERN, REVENT, STATUS, VIEWS, ACTIONTYPE, MENUCODE, AUTHAREACODE) VALUES ('100100102104', NULL, '100100102104', NULL, NULL, '详情', '/role/detail', NULL, '有效', NULL, '000006000', '100100102', '100100102000');
INSERT INTO S_RESOURCE(ID, ASSEMBLY, CODE, ICON, JSFUNCTION, NAME, PATTERN, REVENT, STATUS, VIEWS, ACTIONTYPE, MENUCODE, AUTHAREACODE) VALUES ('100100102105', 'bindResource', '100100102105', 'icon-bind', 'bindResource', '绑定权限', '/role/bind', NULL, '有效', '/web/system/role/bind.jsp', '000006000', '100100102', '100100102000');
INSERT INTO S_RESOURCE(ID, ASSEMBLY, CODE, ICON, JSFUNCTION, NAME, PATTERN, REVENT, STATUS, VIEWS, ACTIONTYPE, MENUCODE, AUTHAREACODE) VALUES ('100100102106', 'bindOrgan', '100100102106', 'icon-bind', 'bindOrgan', '绑定机构', '/role/bindOrgan', NULL, '有效', '/web/system/role/bindorgan.jsp', '000006000', '100100102', '100100102000');
INSERT INTO S_RESOURCE(ID, ASSEMBLY, CODE, ICON, JSFUNCTION, NAME, PATTERN, REVENT, STATUS, VIEWS, ACTIONTYPE, MENUCODE, AUTHAREACODE) VALUES ('100100103100', 'search', '100100103100', 'icon-search', 'search', '查询', '/user/query', NULL, '有效', '/web/system/user/user.jsp', '000006000', '100100103', '100100103000');
INSERT INTO S_RESOURCE(ID, ASSEMBLY, CODE, ICON, JSFUNCTION, NAME, PATTERN, REVENT, STATUS, VIEWS, ACTIONTYPE, MENUCODE, AUTHAREACODE) VALUES ('100100103101', 'add', '100100103101', 'icon-add', 'add', '创建', '/user/create', NULL, '有效', '/web/system/user/add.jsp', '000006000', '100100103', '100100103000');
INSERT INTO S_RESOURCE(ID, ASSEMBLY, CODE, ICON, JSFUNCTION, NAME, PATTERN, REVENT, STATUS, VIEWS, ACTIONTYPE, MENUCODE, AUTHAREACODE) VALUES ('100100103102', 'edit', '100100103102', 'icon-edit', 'edit', '更新', '/user/update', NULL, '有效', '/web/system/user/add.jsp', '000006000', '100100103', '100100103000');
INSERT INTO S_RESOURCE(ID, ASSEMBLY, CODE, ICON, JSFUNCTION, NAME, PATTERN, REVENT, STATUS, VIEWS, ACTIONTYPE, MENUCODE, AUTHAREACODE) VALUES ('100100103103', NULL, '100100103103', NULL, NULL, '详情', '/user/detail', NULL, '有效', NULL, '000006000', '100100103', '100100103000');
INSERT INTO S_RESOURCE(ID, ASSEMBLY, CODE, ICON, JSFUNCTION, NAME, PATTERN, REVENT, STATUS, VIEWS, ACTIONTYPE, MENUCODE, AUTHAREACODE) VALUES ('100100103104', 'freeze', '100100103104', 'icon-freeze', 'freeze', '冻结', '/user/freeze', NULL, '有效', '', '000006000', '100100103', '100100103000');
INSERT INTO S_RESOURCE(ID, ASSEMBLY, CODE, ICON, JSFUNCTION, NAME, PATTERN, REVENT, STATUS, VIEWS, ACTIONTYPE, MENUCODE, AUTHAREACODE) VALUES ('100100103105', 'active', '100100103105', 'icon-activate', 'active', '激活', '/user/active', NULL, '有效', '', '000006000', '100100103', '100100103000');
INSERT INTO S_RESOURCE(ID, ASSEMBLY, CODE, ICON, JSFUNCTION, NAME, PATTERN, REVENT, STATUS, VIEWS, ACTIONTYPE, MENUCODE, AUTHAREACODE) VALUES ('100100103106', NULL, '100100103106', NULL, NULL, '修改密码', '/user/changePassword', NULL, '有效', '/web/system/user/password.jsp', '000006000', '100100103', '100100103000');
INSERT INTO S_RESOURCE(ID, ASSEMBLY, CODE, ICON, JSFUNCTION, NAME, PATTERN, REVENT, STATUS, VIEWS, ACTIONTYPE, MENUCODE, AUTHAREACODE) VALUES ('100100103107', 'bind', '100100103107', 'icon-bind', 'bind', '绑定', '/user/bind', NULL, '有效', '/web/system/user/bind.jsp', '000006000', '100100103', '100100103000');
INSERT INTO S_RESOURCE(ID, ASSEMBLY, CODE, ICON, JSFUNCTION, NAME, PATTERN, REVENT, STATUS, VIEWS, ACTIONTYPE, MENUCODE, AUTHAREACODE) VALUES ('100100103108', 'initPassword', '100100103108', 'icon-activate', 'initPassword', '初始密码', '/user/initPassword', NULL, '有效', '', '000006000', '100100103', '100100103000');
INSERT INTO S_RESOURCE(ID, ASSEMBLY, CODE, ICON, JSFUNCTION, NAME, PATTERN, REVENT, STATUS, VIEWS, ACTIONTYPE, MENUCODE, AUTHAREACODE) VALUES ('100100103109', 'initAllPassword', '100100103109', 'icon-activate', 'initAllPassword', '初始所有密码', '/user/initAllPassword', NULL, '有效', '', '000006000', '100100103', '100100103000');
INSERT INTO S_RESOURCE(ID, ASSEMBLY, CODE, ICON, JSFUNCTION, NAME, PATTERN, REVENT, STATUS, VIEWS, ACTIONTYPE, MENUCODE, AUTHAREACODE) VALUES ('100100103110', NULL, '100100103110', NULL, NULL, '注销', '/user/cancel', NULL, '有效', NULL, '000006000', '100100103', '100100103000');
INSERT INTO S_RESOURCE(ID, ASSEMBLY, CODE, ICON, JSFUNCTION, NAME, PATTERN, REVENT, STATUS, VIEWS, ACTIONTYPE, MENUCODE, AUTHAREACODE) VALUES ('100100104100', NULL, '100100104100', NULL, NULL, '查询', '/menu/query', NULL, '有效', '/web/system/menu/menu.jsp', '000006000', '100100104', '100100104000');
INSERT INTO S_RESOURCE(ID, ASSEMBLY, CODE, ICON, JSFUNCTION, NAME, PATTERN, REVENT, STATUS, VIEWS, ACTIONTYPE, MENUCODE, AUTHAREACODE) VALUES ('100100104101', NULL, '100100104101', NULL, NULL, '创建', '/menu/create', NULL, '有效', '/web/system/menu/add.jsp', '000006000', '100100104', '100100104000');
INSERT INTO S_RESOURCE(ID, ASSEMBLY, CODE, ICON, JSFUNCTION, NAME, PATTERN, REVENT, STATUS, VIEWS, ACTIONTYPE, MENUCODE, AUTHAREACODE) VALUES ('100100104102', NULL, '100100104102', NULL, NULL, '更新', '/menu/update', NULL, '有效', '/web/system/menu/add.jsp', '000006000', '100100104', '100100104000');
INSERT INTO S_RESOURCE(ID, ASSEMBLY, CODE, ICON, JSFUNCTION, NAME, PATTERN, REVENT, STATUS, VIEWS, ACTIONTYPE, MENUCODE, AUTHAREACODE) VALUES ('100100104103', NULL, '100100104103', NULL, NULL, '详情', '/menu/detail', NULL, '有效', NULL, '000006000', '100100104', '100100104000');
INSERT INTO S_RESOURCE(ID, ASSEMBLY, CODE, ICON, JSFUNCTION, NAME, PATTERN, REVENT, STATUS, VIEWS, ACTIONTYPE, MENUCODE, AUTHAREACODE) VALUES ('100100104104', NULL, '100100104104', NULL, NULL, '注销', '/menu/cancel', NULL, '有效', NULL, '000006000', '100100104', '100100104000');
INSERT INTO S_RESOURCE(ID, ASSEMBLY, CODE, ICON, JSFUNCTION, NAME, PATTERN, REVENT, STATUS, VIEWS, ACTIONTYPE, MENUCODE, AUTHAREACODE) VALUES ('100100104105', NULL, '100100104105', NULL, NULL, '激活', '/menu/active', NULL, '有效', NULL, '000006000', '100100104', '100100104000');
INSERT INTO S_RESOURCE(ID, ASSEMBLY, CODE, ICON, JSFUNCTION, NAME, PATTERN, REVENT, STATUS, VIEWS, ACTIONTYPE, MENUCODE, AUTHAREACODE) VALUES ('100100104106', NULL, '100100104106', NULL, NULL, '删除', '/menu/delete', NULL, '有效', NULL, '000006000', '100100104', '100100104000');
INSERT INTO S_RESOURCE(ID, ASSEMBLY, CODE, ICON, JSFUNCTION, NAME, PATTERN, REVENT, STATUS, VIEWS, ACTIONTYPE, MENUCODE, AUTHAREACODE) VALUES ('100100104107', NULL, '100100104107', NULL, NULL, '行为查询', '/resource/query', NULL, '有效', '/web/system/resource/resource.jsp', '000006000', '100100104', '100100104000');
INSERT INTO S_RESOURCE(ID, ASSEMBLY, CODE, ICON, JSFUNCTION, NAME, PATTERN, REVENT, STATUS, VIEWS, ACTIONTYPE, MENUCODE, AUTHAREACODE) VALUES ('100100104108', NULL, '100100104108', NULL, NULL, '行为创建', '/resource/create', NULL, '有效', '/web/system/resource/add.jsp', '000006000', '100100104', '100100104000');
INSERT INTO S_RESOURCE(ID, ASSEMBLY, CODE, ICON, JSFUNCTION, NAME, PATTERN, REVENT, STATUS, VIEWS, ACTIONTYPE, MENUCODE, AUTHAREACODE) VALUES ('100100104109', NULL, '100100104109', NULL, NULL, '行为更新', '/resource/update', NULL, '有效', '/web/system/resource/add.jsp', '000006000', '100100104', '100100104000');
INSERT INTO S_RESOURCE(ID, ASSEMBLY, CODE, ICON, JSFUNCTION, NAME, PATTERN, REVENT, STATUS, VIEWS, ACTIONTYPE, MENUCODE, AUTHAREACODE) VALUES ('100100104110', NULL, '100100104110', NULL, NULL, '行为删除', '/resource/delete', NULL, '有效', NULL, '000006000', '100100104', '100100104000');
INSERT INTO S_RESOURCE(ID, ASSEMBLY, CODE, ICON, JSFUNCTION, NAME, PATTERN, REVENT, STATUS, VIEWS, ACTIONTYPE, MENUCODE, AUTHAREACODE) VALUES ('100100104111', NULL, '100100104111', NULL, NULL, '行为注销', '/resource/cancel', NULL, '有效', NULL, '000006000', '100100104', '100100104000');
INSERT INTO S_RESOURCE(ID, ASSEMBLY, CODE, ICON, JSFUNCTION, NAME, PATTERN, REVENT, STATUS, VIEWS, ACTIONTYPE, MENUCODE, AUTHAREACODE) VALUES ('100100104112', NULL, '100100104112', NULL, NULL, '行为恢复', '/resource/active', NULL, '有效', NULL, '000006000', '100100104', '100100104000');
INSERT INTO S_RESOURCE(ID, ASSEMBLY, CODE, ICON, JSFUNCTION, NAME, PATTERN, REVENT, STATUS, VIEWS, ACTIONTYPE, MENUCODE, AUTHAREACODE) VALUES ('100101100100', NULL, '100101100100', NULL, NULL, '查询', '/drawer/query', NULL, '有效', '/web/system/drawer/drawer.jsp', '000006000', '100101100', '100101100000');
INSERT INTO S_RESOURCE(ID, ASSEMBLY, CODE, ICON, JSFUNCTION, NAME, PATTERN, REVENT, STATUS, VIEWS, ACTIONTYPE, MENUCODE, AUTHAREACODE) VALUES ('100101100101', 'add', '100101100101', 'icon-add', 'add', '创建', '/drawer/create', NULL, '有效', '/web/system/drawer/add.jsp', '000006000', '100101100', '100101100000');
INSERT INTO S_RESOURCE(ID, ASSEMBLY, CODE, ICON, JSFUNCTION, NAME, PATTERN, REVENT, STATUS, VIEWS, ACTIONTYPE, MENUCODE, AUTHAREACODE) VALUES ('100101100102', 'edit', '100101100102', 'icon-edit', 'edit', '更新', '/drawer/update', NULL, '有效', '/web/system/drawer/add.jsp', '000006000', '100101100', '100101100000');
INSERT INTO S_RESOURCE(ID, ASSEMBLY, CODE, ICON, JSFUNCTION, NAME, PATTERN, REVENT, STATUS, VIEWS, ACTIONTYPE, MENUCODE, AUTHAREACODE) VALUES ('100101100103', NULL, '100101100103', NULL, NULL, '激活', '/drawer/active', NULL, '有效', NULL, '000006000', '100101100', '100101100000');
INSERT INTO S_RESOURCE(ID, ASSEMBLY, CODE, ICON, JSFUNCTION, NAME, PATTERN, REVENT, STATUS, VIEWS, ACTIONTYPE, MENUCODE, AUTHAREACODE) VALUES ('100101100104', NULL, '100101100104', NULL, NULL, '注销', '/drawer/cancel', NULL, '有效', NULL, '000006000', '100101100', '100101100000');
INSERT INTO S_RESOURCE(ID, ASSEMBLY, CODE, ICON, JSFUNCTION, NAME, PATTERN, REVENT, STATUS, VIEWS, ACTIONTYPE, MENUCODE, AUTHAREACODE) VALUES ('100101100105', NULL, '100101100105', NULL, NULL, '恢复', '/drawer/recover', NULL, '有效', NULL, '000006000', '100101100', '100101100000');
INSERT INTO S_RESOURCE(ID, ASSEMBLY, CODE, ICON, JSFUNCTION, NAME, PATTERN, REVENT, STATUS, VIEWS, ACTIONTYPE, MENUCODE, AUTHAREACODE) VALUES ('100101100106', 'delete', '100101100106', 'icon-remove', 'del', '删除', '/drawer/delete', NULL, '有效', '', '000006000', '100101100', '100101100000');
INSERT INTO S_RESOURCE(ID, ASSEMBLY, CODE, ICON, JSFUNCTION, NAME, PATTERN, REVENT, STATUS, VIEWS, ACTIONTYPE, MENUCODE, AUTHAREACODE) VALUES ('100101101100', NULL, '100101101100', NULL, NULL, '查询', '/schedule/query', NULL, '有效', '/web/system/schedule/schedule.jsp', '000006000', '100101101', '100101101000');
INSERT INTO S_RESOURCE(ID, ASSEMBLY, CODE, ICON, JSFUNCTION, NAME, PATTERN, REVENT, STATUS, VIEWS, ACTIONTYPE, MENUCODE, AUTHAREACODE) VALUES ('100101101101', 'add', '100101101101', 'icon-add', 'add', '创建', '/schedule/create', NULL, '有效', '/web/system/schedule/add.jsp', '000006000', '100101101', '100101101000');
INSERT INTO S_RESOURCE(ID, ASSEMBLY, CODE, ICON, JSFUNCTION, NAME, PATTERN, REVENT, STATUS, VIEWS, ACTIONTYPE, MENUCODE, AUTHAREACODE) VALUES ('100101101102', 'pause', '100101101102', 'icon-stop', 'pause', '暂停', '/schedule/pause', NULL, '有效', '', '000006000', '100101101', '100101101000');
INSERT INTO S_RESOURCE(ID, ASSEMBLY, CODE, ICON, JSFUNCTION, NAME, PATTERN, REVENT, STATUS, VIEWS, ACTIONTYPE, MENUCODE, AUTHAREACODE) VALUES ('100101101103', 'execute', '100101101103', 'icon-reload', 'execute', '立即执行一次', '/schedule/execute', NULL, '有效', '', '000006000', '100101101', '100101101000');
INSERT INTO S_RESOURCE(ID, ASSEMBLY, CODE, ICON, JSFUNCTION, NAME, PATTERN, REVENT, STATUS, VIEWS, ACTIONTYPE, MENUCODE, AUTHAREACODE) VALUES ('100101101104', 'start', '100101101104', 'icon-reload', 'start', '启动', '/schedule/resume', NULL, '有效', '', '000006000', '100101101', '100101101000');
INSERT INTO S_RESOURCE(ID, ASSEMBLY, CODE, ICON, JSFUNCTION, NAME, PATTERN, REVENT, STATUS, VIEWS, ACTIONTYPE, MENUCODE, AUTHAREACODE) VALUES ('100101101105', 'delete', '100101101105', 'icon-remove', 'delete', '删除', '/schedule/delete', NULL, '有效', '', '000006000', '100101101', '100101101000');
INSERT INTO S_RESOURCE(ID, ASSEMBLY, CODE, ICON, JSFUNCTION, NAME, PATTERN, REVENT, STATUS, VIEWS, ACTIONTYPE, MENUCODE, AUTHAREACODE) VALUES ('100101102100', NULL, '100101102100', NULL, NULL, '查询', '/wservice/query', NULL, '有效', '/web/system/wservice/wservice.jsp', '000006000', '100101102', '100101102000');
INSERT INTO S_RESOURCE(ID, ASSEMBLY, CODE, ICON, JSFUNCTION, NAME, PATTERN, REVENT, STATUS, VIEWS, ACTIONTYPE, MENUCODE, AUTHAREACODE) VALUES ('100101102101', 'addWservice', '100101102101', 'icon-add', 'add', '创建', '/wservice/create', NULL, '有效', '/web/system/wservice/add.jsp', '000006000', '100101102', '100101102000');
INSERT INTO S_RESOURCE(ID, ASSEMBLY, CODE, ICON, JSFUNCTION, NAME, PATTERN, REVENT, STATUS, VIEWS, ACTIONTYPE, MENUCODE, AUTHAREACODE) VALUES ('100101102102', 'editWservice', '100101102102', 'icon-edit', 'edit', '更新', '/wservice/pause', NULL, '有效', '/web/system/wservice/add.jsp', '000006000', '100101102', '100101102000');
INSERT INTO S_RESOURCE(ID, ASSEMBLY, CODE, ICON, JSFUNCTION, NAME, PATTERN, REVENT, STATUS, VIEWS, ACTIONTYPE, MENUCODE, AUTHAREACODE) VALUES ('100101102103', 'reportWservice', '100101102103', 'icon-write', 'report', '报送', '/wservice/report', NULL, '有效', '', '000006000', '100101102', '100101102000');
INSERT INTO S_RESOURCE(ID, ASSEMBLY, CODE, ICON, JSFUNCTION, NAME, PATTERN, REVENT, STATUS, VIEWS, ACTIONTYPE, MENUCODE, AUTHAREACODE) VALUES ('100101103100', 'searchFtp', '100101103100', 'icon-search', 'searchFtp', '查询', '/ftp/query', NULL, '有效', '/web/ftp/ftp.jsp', '000006000', '100101103', '100101103000');
INSERT INTO S_RESOURCE(ID, ASSEMBLY, CODE, ICON, JSFUNCTION, NAME, PATTERN, REVENT, STATUS, VIEWS, ACTIONTYPE, MENUCODE, AUTHAREACODE) VALUES ('100101103101', 'addFtp', '100101103101', 'icon-add', 'add', '创建', '/ftp/create', NULL, '有效', '/web/ftp/add.jsp', '000006000', '100101103', '100101103000');
INSERT INTO S_RESOURCE(ID, ASSEMBLY, CODE, ICON, JSFUNCTION, NAME, PATTERN, REVENT, STATUS, VIEWS, ACTIONTYPE, MENUCODE, AUTHAREACODE) VALUES ('100101103102', 'updateFtp', '100101103102', 'icon-edit', 'update', '更新', '/ftp/update', NULL, '有效', '/web/ftp/add.jsp', '000006000', '100101103', '100101103000');
INSERT INTO S_RESOURCE(ID, ASSEMBLY, CODE, ICON, JSFUNCTION, NAME, PATTERN, REVENT, STATUS, VIEWS, ACTIONTYPE, MENUCODE, AUTHAREACODE) VALUES ('100101103103', 'deleteFtp', '100101103103', 'icon-remove', 'del', '删除', '/ftp/delete', NULL, '有效', NULL, '000006000', '100101103', '100101103000');
INSERT INTO S_RESOURCE(ID, ASSEMBLY, CODE, ICON, JSFUNCTION, NAME, PATTERN, REVENT, STATUS, VIEWS, ACTIONTYPE, MENUCODE, AUTHAREACODE) VALUES ('100101103104', 'test', '100101103104', 'icon-reload', 'test', '测试', '/ftp/test', NULL, '有效', NULL, '000006000', '100101103', '100101103000');
INSERT INTO S_RESOURCE(ID, ASSEMBLY, CODE, ICON, JSFUNCTION, NAME, PATTERN, REVENT, STATUS, VIEWS, ACTIONTYPE, MENUCODE, AUTHAREACODE) VALUES ('100101103105', 'view', '100101103105', 'icon-detail', 'view', '详情', '/ftp/detail', NULL, '有效', '/web/ftp/view.jsp', '000006000', '100101103', '100101103000');
INSERT INTO S_RESOURCE(ID, ASSEMBLY, CODE, ICON, JSFUNCTION, NAME, PATTERN, REVENT, STATUS, VIEWS, ACTIONTYPE, MENUCODE, AUTHAREACODE) VALUES ('100102100100', NULL, '100102100100', NULL, NULL, '审计', '/logs/query', NULL, '有效', '/web/system/logs/logs.jsp', '000006000', '100102100', '100102100000');
INSERT INTO S_RESOURCE(ID, ASSEMBLY, CODE, ICON, JSFUNCTION, NAME, PATTERN, REVENT, STATUS, VIEWS, ACTIONTYPE, MENUCODE, AUTHAREACODE) VALUES ('101100100100', '', '101100100100', '', '', '查询', '/announces/query', NULL, '有效', '/web/announce/announce.jsp', '000006000', '101100100', '101100100000');
INSERT INTO S_RESOURCE(ID, ASSEMBLY, CODE, ICON, JSFUNCTION, NAME, PATTERN, REVENT, STATUS, VIEWS, ACTIONTYPE, MENUCODE, AUTHAREACODE) VALUES ('101100100101', NULL, '101100100101', NULL, NULL, '创建', '/announces/create', NULL, '有效', NULL, '000006000', '101100100', '101100100000');
INSERT INTO S_RESOURCE(ID, ASSEMBLY, CODE, ICON, JSFUNCTION, NAME, PATTERN, REVENT, STATUS, VIEWS, ACTIONTYPE, MENUCODE, AUTHAREACODE) VALUES ('101100100102', NULL, '101100100102', NULL, NULL, '删除', '/announces/delete', NULL, '有效', NULL, '000006000', '101100100', '101100100000');
INSERT INTO S_RESOURCE(ID, ASSEMBLY, CODE, ICON, JSFUNCTION, NAME, PATTERN, REVENT, STATUS, VIEWS, ACTIONTYPE, MENUCODE, AUTHAREACODE) VALUES ('101100100103', NULL, '101100100103', NULL, NULL, '详情', '/announces/detail', NULL, '有效', NULL, '000006000', '101100100', '101100100000');
INSERT INTO S_RESOURCE(ID, ASSEMBLY, CODE, ICON, JSFUNCTION, NAME, PATTERN, REVENT, STATUS, VIEWS, ACTIONTYPE, MENUCODE, AUTHAREACODE) VALUES ('101101100100', NULL, '101101100100', NULL, NULL, '查询', '/receiveMessage/query', NULL, '有效', '/web/message/receiveMessage.jsp', '000006000', '101101100', '101101100000');
INSERT INTO S_RESOURCE(ID, ASSEMBLY, CODE, ICON, JSFUNCTION, NAME, PATTERN, REVENT, STATUS, VIEWS, ACTIONTYPE, MENUCODE, AUTHAREACODE) VALUES ('101101100101', NULL, '101101100101', NULL, NULL, '回信', '/receiveMessage/backMessage', NULL, '有效', '/web/message/add.jsp', '000006000', '101101100', '101101100000');
INSERT INTO S_RESOURCE(ID, ASSEMBLY, CODE, ICON, JSFUNCTION, NAME, PATTERN, REVENT, STATUS, VIEWS, ACTIONTYPE, MENUCODE, AUTHAREACODE) VALUES ('101101100102', NULL, '101101100102', NULL, NULL, '删除', '/receiveMessage/delete', NULL, '有效', NULL, '000006000', '101101100', '101101100000');
INSERT INTO S_RESOURCE(ID, ASSEMBLY, CODE, ICON, JSFUNCTION, NAME, PATTERN, REVENT, STATUS, VIEWS, ACTIONTYPE, MENUCODE, AUTHAREACODE) VALUES ('101101101100', NULL, '101101101100', NULL, NULL, '查询', '/sendMessage/query', NULL, '有效', '/web/message/sendMessage.jsp', '000006000', '101101101', '101101101000');
INSERT INTO S_RESOURCE(ID, ASSEMBLY, CODE, ICON, JSFUNCTION, NAME, PATTERN, REVENT, STATUS, VIEWS, ACTIONTYPE, MENUCODE, AUTHAREACODE) VALUES ('101101101101', NULL, '101101101101', NULL, NULL, '转发', '/receiveMessage/writeMessage', NULL, '有效', '/web/message/readd.jsp', '000006000', '101101101', '101101101000');
INSERT INTO S_RESOURCE(ID, ASSEMBLY, CODE, ICON, JSFUNCTION, NAME, PATTERN, REVENT, STATUS, VIEWS, ACTIONTYPE, MENUCODE, AUTHAREACODE) VALUES ('101101101102', NULL, '101101101102', NULL, NULL, '删除', '/sendMessage/delete', NULL, '有效', NULL, '000006000', '101101101', '101101101000');
INSERT INTO S_RESOURCE(ID, ASSEMBLY, CODE, ICON, JSFUNCTION, NAME, PATTERN, REVENT, STATUS, VIEWS, ACTIONTYPE, MENUCODE, AUTHAREACODE) VALUES ('101101102100', NULL, '101101102100', NULL, NULL, '发送', '/receiveMessage/writeMessage', NULL, '有效', '/web/message/write.jsp', '000006000', '101101102', '101101102000');
INSERT INTO S_RESOURCE(ID, ASSEMBLY, CODE, ICON, JSFUNCTION, NAME, PATTERN, REVENT, STATUS, VIEWS, ACTIONTYPE, MENUCODE, AUTHAREACODE) VALUES ('21eb2e8c-1025-4cd8-a84f-dbf1fee1c048', '', '103000', '', '', '主页面', '/**/find*', NULL, '有效', '/site/index.html', '000006000', '103', '100100102000');
INSERT INTO S_RESOURCE(ID, ASSEMBLY, CODE, ICON, JSFUNCTION, NAME, PATTERN, REVENT, STATUS, VIEWS, ACTIONTYPE, MENUCODE, AUTHAREACODE) VALUES ('56ef5989-e050-4c83-9c19-590e2f3741c2', 'add', '100100105000', 'icon-add', 'add', '添加', '/authArea/create', NULL, '有效', '/web/system/autharea/add.jsp', '000006000', '100100105', '100100105000');
INSERT INTO S_RESOURCE(ID, ASSEMBLY, CODE, ICON, JSFUNCTION, NAME, PATTERN, REVENT, STATUS, VIEWS, ACTIONTYPE, MENUCODE, AUTHAREACODE) VALUES ('5c25f59b-f29f-4dad-a186-6cd651abbb89', '', '100100105003', 'icon-search', '', '查询', '/authArea/query', NULL, '有效', '/web/system/autharea/autharea.jsp', '000006000', '100100105', '100100105000');
INSERT INTO S_RESOURCE(ID, ASSEMBLY, CODE, ICON, JSFUNCTION, NAME, PATTERN, REVENT, STATUS, VIEWS, ACTIONTYPE, MENUCODE, AUTHAREACODE) VALUES ('81458942-8afd-4642-96c6-4088438b0af3', 'edit', '100100105001', 'icon-edit', 'edit', '修改', '/authArea/update', NULL, '有效', '/web/system/autharea/add.jsp', '000006000', '100100105', '100100105000');
INSERT INTO S_RESOURCE(ID, ASSEMBLY, CODE, ICON, JSFUNCTION, NAME, PATTERN, REVENT, STATUS, VIEWS, ACTIONTYPE, MENUCODE, AUTHAREACODE) VALUES ('830af9e3-aa94-440b-b79b-8b72ebc362d3', 'downloadFile', '100101103108', 'icon-add', 'downloadFtpFile', '下载', '/download', NULL, '有效', '', '000006000', '100101103', '100101103001');
INSERT INTO S_RESOURCE(ID, ASSEMBLY, CODE, ICON, JSFUNCTION, NAME, PATTERN, REVENT, STATUS, VIEWS, ACTIONTYPE, MENUCODE, AUTHAREACODE) VALUES ('9007f825-37ba-4fcc-9267-ba658226a64f', 'del', '100100105002', 'icon-remove', 'del', '删除', '/authArea/delete', NULL, '有效', '', '000006000', '100100105', '100100105000');
INSERT INTO S_RESOURCE(ID, ASSEMBLY, CODE, ICON, JSFUNCTION, NAME, PATTERN, REVENT, STATUS, VIEWS, ACTIONTYPE, MENUCODE, AUTHAREACODE) VALUES ('9c99c75a-241b-4f28-ab8d-14344914d091', 'upload', '100101103106', 'icon-uploading', 'upload', '上传', '/upload', NULL, '有效', '/web/upload/fileupload.jsp', '000006000', '100101103', '100101103000');
INSERT INTO S_RESOURCE(ID, ASSEMBLY, CODE, ICON, JSFUNCTION, NAME, PATTERN, REVENT, STATUS, VIEWS, ACTIONTYPE, MENUCODE, AUTHAREACODE) VALUES ('ae8a3827-a0b3-41c4-ab0b-4a73a925d714', '', '000111', '', '', '第三方授权', '/oauth/**', NULL, '有效', '', '000006001', '000', '000000');
INSERT INTO S_RESOURCE(ID, ASSEMBLY, CODE, ICON, JSFUNCTION, NAME, PATTERN, REVENT, STATUS, VIEWS, ACTIONTYPE, MENUCODE, AUTHAREACODE) VALUES ('b582dd0a-bba7-4009-bc08-d00442497748', 'deleteFile', '100101103109', 'icon-remove', 'deleteFtpFile', '删除', '/deleteFile', NULL, '有效', '', '000006000', '100101103', '100101103001');
INSERT INTO S_RESOURCE(ID, ASSEMBLY, CODE, ICON, JSFUNCTION, NAME, PATTERN, REVENT, STATUS, VIEWS, ACTIONTYPE, MENUCODE, AUTHAREACODE) VALUES ('deb39b21-dab7-49dd-9946-352324e41c3c', 'edit', '100101101106', 'icon-edit', 'edit', '修改', '/schedule/create', NULL, '有效', '/web/system/schedule/add.jsp', '000006000', '100101101', '100101101000');
INSERT INTO S_RESOURCE(ID, ASSEMBLY, CODE, ICON, JSFUNCTION, NAME, PATTERN, REVENT, STATUS, VIEWS, ACTIONTYPE, MENUCODE, AUTHAREACODE) VALUES ('ee219c6b-3db5-4aae-9b9b-3326b155d305', 'uploadGpy', '100101103107', 'icon-uploading', 'uploadGpy', '高拍仪上传', '/uploadFile', NULL, '有效', '/web/upload/capture_.html', '000006000', '100101103', '100101103000');
INSERT INTO S_RESOURCE(ID, ASSEMBLY, CODE, ICON, JSFUNCTION, NAME, PATTERN, REVENT, STATUS, VIEWS, ACTIONTYPE, MENUCODE, AUTHAREACODE) VALUES ('b50d5de7-5d08-491f-8a29-d207e66d8864', NULL, '102000', NULL, NULL, '登录', '/loginSuccess', NULL, '有效', NULL, '000006000', '102', '102000');

/*角色菜单表*/
/*机构用户管理*/
INSERT INTO S_ROLE_MENU(ROLEID, MENUID) VALUES('1', '1');
INSERT INTO S_ROLE_MENU(ROLEID, MENUID) VALUES('1', '100');
INSERT INTO S_ROLE_MENU(ROLEID, MENUID) VALUES('1', '100100');
INSERT INTO S_ROLE_MENU(ROLEID, MENUID) VALUES('1', '100100100');
INSERT INTO S_ROLE_MENU(ROLEID, MENUID) VALUES('1', '100100101');
INSERT INTO S_ROLE_MENU(ROLEID, MENUID) VALUES('1', '100100102');
INSERT INTO S_ROLE_MENU(ROLEID, MENUID) VALUES('1', '100100103');
INSERT INTO S_ROLE_MENU(ROLEID, MENUID) VALUES('1', '100101');
INSERT INTO S_ROLE_MENU(ROLEID, MENUID) VALUES('1', '100101100');
INSERT INTO S_ROLE_MENU(ROLEID, MENUID) VALUES('1', '100101101');
INSERT INTO S_ROLE_MENU(ROLEID, MENUID) VALUES('1', '100101102');
/*角色资源表*/
/*机构管理*/
INSERT INTO S_ROLE_RESOURCE(ROLEID, RESOURCEID) VALUES('1', '100100100100');
INSERT INTO S_ROLE_RESOURCE(ROLEID, RESOURCEID) VALUES('1', '100100100101');
INSERT INTO S_ROLE_RESOURCE(ROLEID, RESOURCEID) VALUES('1', '100100100102');
INSERT INTO S_ROLE_RESOURCE(ROLEID, RESOURCEID) VALUES('1', '100100100103');
INSERT INTO S_ROLE_RESOURCE(ROLEID, RESOURCEID) VALUES('1', '100100100104');
INSERT INTO S_ROLE_RESOURCE(ROLEID, RESOURCEID) VALUES('1', '100100100105');
/*部门管理*/
INSERT INTO S_ROLE_RESOURCE(ROLEID, RESOURCEID) VALUES('1', '100100101100');
INSERT INTO S_ROLE_RESOURCE(ROLEID, RESOURCEID) VALUES('1', '100100101101');
INSERT INTO S_ROLE_RESOURCE(ROLEID, RESOURCEID) VALUES('1', '100100101102');
INSERT INTO S_ROLE_RESOURCE(ROLEID, RESOURCEID) VALUES('1', '100100101103');
INSERT INTO S_ROLE_RESOURCE(ROLEID, RESOURCEID) VALUES('1', '100100101104');
/*角色管理*/
INSERT INTO S_ROLE_RESOURCE(ROLEID, RESOURCEID) VALUES('1', '100100102100');
INSERT INTO S_ROLE_RESOURCE(ROLEID, RESOURCEID) VALUES('1', '100100102101');
INSERT INTO S_ROLE_RESOURCE(ROLEID, RESOURCEID) VALUES('1', '100100102102');
INSERT INTO S_ROLE_RESOURCE(ROLEID, RESOURCEID) VALUES('1', '100100102103');
INSERT INTO S_ROLE_RESOURCE(ROLEID, RESOURCEID) VALUES('1', '100100102104');
INSERT INTO S_ROLE_RESOURCE(ROLEID, RESOURCEID) VALUES('1', '100100102105');
INSERT INTO S_ROLE_RESOURCE(ROLEID, RESOURCEID) VALUES('1', '100100102106');
/*用户管理*/
INSERT INTO S_ROLE_RESOURCE(ROLEID, RESOURCEID) VALUES('1', '100100103100');
INSERT INTO S_ROLE_RESOURCE(ROLEID, RESOURCEID) VALUES('1', '100100103101');
INSERT INTO S_ROLE_RESOURCE(ROLEID, RESOURCEID) VALUES('1', '100100103102');
INSERT INTO S_ROLE_RESOURCE(ROLEID, RESOURCEID) VALUES('1', '100100103103');
INSERT INTO S_ROLE_RESOURCE(ROLEID, RESOURCEID) VALUES('1', '100100103104');
INSERT INTO S_ROLE_RESOURCE(ROLEID, RESOURCEID) VALUES('1', '100100103105');
INSERT INTO S_ROLE_RESOURCE(ROLEID, RESOURCEID) VALUES('1', '100100103106');
INSERT INTO S_ROLE_RESOURCE(ROLEID, RESOURCEID) VALUES('1', '100100103107');
INSERT INTO S_ROLE_RESOURCE(ROLEID, RESOURCEID) VALUES('1', '100100103108');
INSERT INTO S_ROLE_RESOURCE(ROLEID, RESOURCEID) VALUES('1', '100100103109');
INSERT INTO S_ROLE_RESOURCE(ROLEID, RESOURCEID) VALUES('1', '100100103110');

INSERT INTO S_ROLE_RESOURCE(ROLEID, RESOURCEID) VALUES('1', '000101');
INSERT INTO S_ROLE_RESOURCE(ROLEID, RESOURCEID) VALUES('1', '000102');
INSERT INTO S_ROLE_RESOURCE(ROLEID, RESOURCEID) VALUES('1', '000103');
INSERT INTO S_ROLE_RESOURCE(ROLEID, RESOURCEID) VALUES('1', '000104');
INSERT INTO S_ROLE_RESOURCE(ROLEID, RESOURCEID) VALUES('1', '000105');
INSERT INTO S_ROLE_RESOURCE(ROLEID, RESOURCEID) VALUES('1', '000106');
INSERT INTO S_ROLE_RESOURCE(ROLEID, RESOURCEID) VALUES('1', '000107');
INSERT INTO S_ROLE_RESOURCE(ROLEID, RESOURCEID) VALUES('1', '000108');
INSERT INTO S_ROLE_RESOURCE(ROLEID, RESOURCEID) VALUES('1', '000109');
INSERT INTO S_ROLE_RESOURCE(ROLEID, RESOURCEID) VALUES('1', '000110');

--改变部门编码规则
--update s_depart t set t.code = (select o.code from s_organ o where o.id = t.oid)||t.code
--create tablespace catsic datafile '+DATA' size 300M autoextend on;

-- grant insert,update,select,delete on table to catsic_access;